userId,title,description,createdAt,updatedAt,accessToken
1000680,recusandae nesciunt distinctio facilis consectetur,"Similique eveniet ut voluptas porro numquam nulla autem. Magnam quidem quo non. Maiores facilis ad nostrum consectetur quia a. Nostrum accusantium unde. Enim assumenda facilis. Doloribus enim quidem illum dolor.
Iure eius nobis odit eaque officiis distinctio assumenda deserunt. Earum nostrum inventore similique dolore fuga. Maxime facilis laborum quo doloremque reiciendis porro quod quasi maxime. Illo dolorum facilis maiores magnam animi voluptates deserunt. Quibusdam ratione perspiciatis a quo minima officia.
Beatae perspiciatis veritatis ipsam tempora quo atque. Ducimus ab nam amet. Quisquam ad ut ullam quos ipsam neque blanditiis nemo illo. Amet officiis maxime sapiente omnis debitis. Asperiores delectus facilis odit laboriosam vero unde impedit.
Enim vitae necessitatibus necessitatibus cum ab aut nemo maiores. Expedita suscipit aspernatur laboriosam excepturi. Illum quas laborum reprehenderit non ducimus enim accusantium ab a. Omnis minima impedit et consectetur odit itaque harum. Quasi porro similique tenetur laborum placeat. Porro totam ducimus iusto amet.",+:fa2@(HpHl12EQ,L--3#$`q+JtFR@),eyJhbGciOiJIUzI1NiIsInR5cCI6IkpXVCJ9.eyJzdWIiOjEwMDA2ODAsImlhdCI6MTY4MDI0MDAwNSwiZXhwIjoxNjg1NDI0MDA1fQ.7iM2RswfK8ah2pA8sb2NFg2fl0Wk6P0vJGaf0JylbEs
1000335,minima dolore nihil corporis provident,"Placeat aperiam deserunt ullam cumque. Velit iusto quis illo animi aspernatur aliquid incidunt quas quo. Alias natus occaecati doloribus accusamus illo fugit magni eaque placeat. Dolorem quam consequuntur aliquid cum. Velit ad repellendus ipsa deleniti ea rem ab recusandae occaecati. Minima culpa excepturi illo sed blanditiis rerum.
Delectus expedita ab voluptatibus soluta. Accusamus accusantium velit. Eos cumque saepe repellendus corporis laboriosam similique qui. Vitae repellendus officia.
Velit sapiente doloribus quidem vitae. Eligendi nihil animi hic quisquam magni architecto alias non doloremque. Adipisci est dignissimos alias ipsa adipisci facere incidunt error. Consectetur doloremque architecto quo possimus excepturi aperiam minima facere temporibus.
Unde est incidunt nulla optio harum a officiis error tempore. Molestiae quaerat porro odio qui iusto veritatis itaque corrupti earum. Praesentium tempore porro commodi molestiae aliquid. Nisi asperiores voluptatum aliquam maiores sint ea enim neque recusandae. Ipsam aspernatur tenetur enim.","YB'+\""j;ws,.S&%","^`WP3'""$<'t\5}T",eyJhbGciOiJIUzI1NiIsInR5cCI6IkpXVCJ9.eyJzdWIiOjEwMDAzMzUsImlhdCI6MTY4MDI0MDAwNSwiZXhwIjoxNjg1NDI0MDA1fQ.U3EwP2I2sRHu_SazKWhFQ7QmsHJhWqdQqBs7B3tFx_s
1000845,inventore expedita consequatur quas culpa,"Ducimus nostrum odio expedita voluptates rem voluptatibus. Distinctio accusantium dicta eveniet quas sapiente culpa ut. Possimus neque placeat. Odio quod similique molestiae.
Voluptatibus fuga unde fuga sint maxime nisi. Iusto error deleniti. Consectetur maxime dicta rem impedit dolores minima et iste.
Vel dolore incidunt voluptatibus sit. Quo perferendis nulla quas maxime soluta corporis. Rem dolore iure tempora. Neque quisquam totam dolorem id.
Odio aperiam aspernatur voluptas tenetur temporibus dignissimos. Distinctio provident quis nostrum similique natus quidem harum minus. Ducimus rerum incidunt magnam accusantium. Consequatur enim saepe eos mollitia tempora.",2sp0MSVCw4-U2QE,zK}fP?!l]mqhQ_1,eyJhbGciOiJIUzI1NiIsInR5cCI6IkpXVCJ9.eyJzdWIiOjEwMDA4NDUsImlhdCI6MTY4MDI0MDAwNiwiZXhwIjoxNjg1NDI0MDA2fQ.DMztH--6IW1a-at_Rp-EkuADFanBIl5NjzMZn2n9F6U
1000420,ipsum maiores laborum cumque aut,"Laudantium sequi quasi explicabo quibusdam sit. Occaecati dolorem quo sint fugiat. Corrupti eum aliquam. Modi nostrum amet magnam neque necessitatibus.
Quo commodi mollitia ullam alias dignissimos sequi quis ut necessitatibus. Officia dignissimos dolore necessitatibus nostrum impedit dolorum quo doloremque adipisci. Rerum ipsum minus. At repellat id repellendus hic quasi accusantium et placeat perspiciatis. Explicabo atque aliquam.
Optio sequi fugiat maxime necessitatibus eos cumque. Error voluptatem ex aspernatur numquam iusto. Quis qui in cupiditate nobis repellat at odit fugit.
Tempore ab sunt at. Ipsum reprehenderit molestiae hic. Modi enim velit. Alias illum quisquam dolores quam. Incidunt cumque aliquam eligendi delectus.",&4.Yv}{u'Ld%0tE,m?Wfffp#i;ftnc&,eyJhbGciOiJIUzI1NiIsInR5cCI6IkpXVCJ9.eyJzdWIiOjEwMDA0MjAsImlhdCI6MTY4MDI0MDAwNiwiZXhwIjoxNjg1NDI0MDA2fQ.IukZ_6ZqzzZ3Ep6I8z5XXHlUTW5hgB_GRtWwKfiNnLw
1000464,asperiores repellat ipsum ullam exercitationem,"Quisquam ratione eligendi minima quibusdam ad distinctio blanditiis. Consectetur quam ut. In eius harum. Perferendis ullam laboriosam. Unde culpa aliquid. Fugiat ipsam eius aspernatur quasi voluptatem commodi veniam.
Magnam repellendus in officiis dolorum ab aliquam accusantium sapiente. Qui iste autem delectus. Sit nobis vitae eaque in. Cupiditate doloremque quo nobis sed laboriosam a deleniti fugiat qui.
Fugiat quidem quis ex dicta hic similique sit aut. Dolores voluptatum nulla minima culpa sapiente fuga vel laboriosam possimus. Commodi praesentium molestiae quidem labore dolorum dolores vel voluptas. Perspiciatis quia eaque dolore blanditiis fugit et illo. Atque quae neque eligendi id sint eligendi.
Distinctio inventore dolor placeat ea reiciendis ex dolores ad alias. Dignissimos ut dolorum culpa sapiente. Accusantium consequatur odit perferendis odio expedita fuga voluptatibus excepturi voluptates. Placeat repellendus aspernatur illum culpa amet. Est optio ad odio. Quidem laudantium atque est quo itaque tempora nostrum.",|6pW]}hJ>;2VepE,VsfB1S#*{vN;)oe,eyJhbGciOiJIUzI1NiIsInR5cCI6IkpXVCJ9.eyJzdWIiOjEwMDA0NjQsImlhdCI6MTY4MDI0MDAwNiwiZXhwIjoxNjg1NDI0MDA2fQ.ShQaaE__ij-43EJ5YvcunEtjlVoZlBSN3kLFznLT974
1000211,expedita facilis voluptatum quasi deleniti,"Quisquam porro soluta repellat. Vel aspernatur consectetur aperiam sit tenetur totam labore tempore. Ipsam deleniti dolorum inventore iusto.
Sunt laborum delectus voluptatibus nostrum quidem fugit quisquam. Enim odio veritatis libero quibusdam cumque doloremque. Voluptas placeat beatae esse dolor aliquid placeat id odio explicabo. Corrupti eum perferendis. Sed fuga molestiae est maxime eos dolorem perspiciatis nihil. Eos enim adipisci dignissimos reprehenderit voluptatibus nam nobis.
Magnam nostrum quos. Eligendi nam tempore labore sed quaerat doloribus sit maiores. Possimus accusantium quas autem ex voluptatibus.
Sapiente culpa earum. Id doloremque aperiam. Soluta tempore doloribus dolor officia facilis suscipit eligendi.",-ZK=^w6WwfdxZ?l,B4g.X8h!+OH-uE',eyJhbGciOiJIUzI1NiIsInR5cCI6IkpXVCJ9.eyJzdWIiOjEwMDAyMTEsImlhdCI6MTY4MDI0MDAwNiwiZXhwIjoxNjg1NDI0MDA2fQ.FLYpI5vIUN7G6sBU9Paer_LQt-5BFqqhSdlBXyvXMkQ
1000494,sit hic eos eveniet accusamus,"Inventore natus fuga explicabo consectetur perspiciatis voluptatem tempore ex. Atque laboriosam reiciendis quam dolores veritatis vitae ad iure. Quos ea explicabo ipsum provident. Animi eligendi numquam voluptatibus sapiente tempore.
Assumenda eum at deleniti blanditiis illum. Veritatis deleniti enim cum soluta. Quidem placeat facere culpa est hic accusantium eveniet quas. Provident enim accusantium fuga.
Ratione natus sequi numquam corrupti. Tempore qui ad enim. Ducimus fugit voluptatibus magnam fugit id. Laudantium numquam enim labore reprehenderit magni quo dolorum quaerat enim.
Pariatur dignissimos iure nemo sequi nobis blanditiis doloribus. Laudantium repudiandae libero beatae voluptatibus ipsam autem. Sint id natus.",x_`_iVblf^8KFCF,avDpDuj-#}xau*P,eyJhbGciOiJIUzI1NiIsInR5cCI6IkpXVCJ9.eyJzdWIiOjEwMDA0OTQsImlhdCI6MTY4MDI0MDAwNiwiZXhwIjoxNjg1NDI0MDA2fQ.5CTsjOy_EKGaAlaYQhmVihi24PmusYZK1zoxP3ckMCY
1000020,laborum vitae et reprehenderit ducimus,"Eos voluptate consequatur. Dicta voluptatem ea odit incidunt quasi sequi accusamus similique. Voluptatibus ipsum autem harum eum dolore. Hic doloremque nihil molestias veniam omnis animi.
Esse tempora maxime itaque quo eos doloremque. Inventore aliquam illum. Fugit tempora vero voluptatibus nemo consequuntur ipsam praesentium. Minus sequi quibusdam necessitatibus temporibus reiciendis quod.
Praesentium ab labore tenetur aspernatur fuga vel debitis. Inventore libero ex iste enim asperiores dolorem repudiandae fugiat. Voluptatem exercitationem minus dicta eveniet quod. Cupiditate sit perspiciatis impedit animi nisi natus exercitationem nobis. Harum laudantium molestias dolor laborum architecto aperiam debitis molestias. Quidem nesciunt fugit ratione non illo velit.
Ratione odit animi esse quis mollitia labore est quaerat. Similique praesentium ratione asperiores. Ab modi omnis harum quae illum. Vero aperiam rem. Autem hic optio vero quasi laboriosam molestiae. Odit nemo laudantium laborum eum saepe.",ZG4b`pe8Ir0(&zn,"GHt/a>2#Db:;})""",eyJhbGciOiJIUzI1NiIsInR5cCI6IkpXVCJ9.eyJzdWIiOjEwMDAwMjAsImlhdCI6MTY4MDI0MDAwNiwiZXhwIjoxNjg1NDI0MDA2fQ.deLXjqYXQv_wTfswOikkCwEsiPtRljH2F6OjIr4xL_A
1000370,ipsa asperiores saepe eligendi necessitatibus,"Quos quos repellat cumque enim fuga error sapiente voluptatem repudiandae. Ex repudiandae quod aliquid quidem. Nobis quis delectus porro odio. Repudiandae dolor facilis enim incidunt odio eligendi quos. Fugiat molestiae excepturi veniam facere laboriosam consequuntur at dolor.
Odit accusamus aperiam natus esse incidunt eius consectetur nisi dolores. Quia nobis iusto tenetur eaque. Illum vitae animi veniam nostrum totam atque voluptate corrupti pariatur.
Voluptates est deleniti vel nesciunt possimus. Provident deserunt facere nam et nobis fuga earum accusantium ipsum. Neque molestias dolorum corrupti harum autem.
Temporibus ducimus sunt. Quam temporibus quos veritatis voluptatum nemo dolore repellat optio. Modi eius explicabo ab animi tempora ab.","8+#=S8;,1zA|P6&",zzSi|L|o|\cF?<:,eyJhbGciOiJIUzI1NiIsInR5cCI6IkpXVCJ9.eyJzdWIiOjEwMDAzNzAsImlhdCI6MTY4MDI0MDAwNiwiZXhwIjoxNjg1NDI0MDA2fQ.hfYZ7DIZLMBawQIDX__yx3araETZswdHIUsdclBaF6g
1000416,nihil blanditiis impedit recusandae deserunt,"Tempore doloremque ab tempora. Animi quae voluptatibus laborum assumenda illum animi aliquam vero. Non rerum est necessitatibus architecto mollitia minus. Temporibus culpa ipsa. Quas necessitatibus dolorem numquam.
Sequi dolore quis itaque eos aliquam. Aliquam facilis quas non totam debitis voluptates iure in. Esse impedit unde qui ea laudantium. Magnam sit minus aspernatur reprehenderit dicta amet esse molestias. Nemo commodi dolor.
Dicta esse quis mollitia non laudantium corporis quo. Quibusdam sint vero dolores quam minus. Doloribus soluta laborum aliquid nulla in alias. Iusto assumenda doloremque iure explicabo error et quaerat. Odio adipisci accusamus.
Non odit dignissimos. Et nobis vitae sed alias provident dignissimos rerum. Nesciunt suscipit asperiores. Amet voluptatem modi fuga maxime asperiores excepturi neque vel quos.",#u0_\E:WCP?m9ab,wkFT?Wq5dG`1OEr,eyJhbGciOiJIUzI1NiIsInR5cCI6IkpXVCJ9.eyJzdWIiOjEwMDA0MTYsImlhdCI6MTY4MDI0MDAwNiwiZXhwIjoxNjg1NDI0MDA2fQ.8mX4DFwQGw3w7WgwA1CuImwiqIVFITnMH05Au40t994
1000911,dolore officia totam voluptatum sequi,"Autem nobis sapiente aspernatur repudiandae eaque ipsam. Ratione natus reiciendis ad aliquid rerum quas. Doloribus unde voluptatibus ut accusantium molestiae harum recusandae error eligendi.
Quia debitis fuga nesciunt dolore debitis fugiat consequuntur adipisci. Delectus pariatur atque ipsum exercitationem. Blanditiis ipsum asperiores sed soluta. Dicta velit sapiente optio voluptatibus non consequatur earum ad.
Ab sunt accusamus tenetur soluta. Aperiam earum repellat est. Quasi autem eveniet beatae adipisci excepturi. Minus nesciunt totam sunt et doloremque dicta quod.
Animi sunt deserunt incidunt distinctio similique expedita consequuntur. Minima minus assumenda nam tempora minima harum facere recusandae quis. Saepe atque laudantium sint laudantium placeat modi incidunt quia.","l{PlprtX{heC,}s",cH|K@@aZk95{es5,eyJhbGciOiJIUzI1NiIsInR5cCI6IkpXVCJ9.eyJzdWIiOjEwMDA5MTEsImlhdCI6MTY4MDI0MDAwNiwiZXhwIjoxNjg1NDI0MDA2fQ.Tk1IMgDp1mWmIUdUs2mBSiSWWHjO6W0BcogchzeR9WA
1000182,placeat quaerat reprehenderit quasi voluptate,"Laborum eligendi saepe harum voluptate ex distinctio vero. Qui explicabo fuga excepturi amet recusandae molestias. Aspernatur laudantium blanditiis corporis voluptatem expedita.
Iste ex sit occaecati voluptatem illum. Cum vero ad impedit dolor. Fugiat pariatur facere provident optio inventore inventore. Aperiam at ducimus. Earum illum ducimus amet molestiae exercitationem vel laborum quos labore.
Quis id incidunt itaque minima praesentium illum eligendi aspernatur repudiandae. Aspernatur dignissimos voluptate voluptatibus quia molestiae similique asperiores dicta. Reprehenderit nostrum expedita natus fugit laudantium alias molestiae tempora tempora. Voluptates placeat neque veniam. Laborum fugit deleniti sed provident at nesciunt laudantium excepturi dolores.
Quas atque exercitationem. Blanditiis quam esse optio officiis sed architecto praesentium. Cupiditate fugiat recusandae animi magnam. Vero quibusdam animi excepturi repellat inventore eaque. Optio vitae nam porro placeat perspiciatis rerum. Quam debitis labore natus mollitia reprehenderit vero repellendus adipisci.",NQ}:k+]1C;zP<me,7HV8J#AZ]%v_sp},eyJhbGciOiJIUzI1NiIsInR5cCI6IkpXVCJ9.eyJzdWIiOjEwMDAxODIsImlhdCI6MTY4MDI0MDAwNiwiZXhwIjoxNjg1NDI0MDA2fQ.R5-AjQOspLgfHKWK-fCgIAKBITAmTlqOyxYazqUWq5E
1000461,dignissimos aliquid quaerat incidunt fugiat,"Veniam consequuntur placeat. Ea itaque quibusdam. Beatae necessitatibus dolor itaque laboriosam suscipit. Ipsum sunt voluptatem incidunt. Sapiente inventore numquam. Molestias sint eaque inventore nemo cumque rem.
In non numquam cupiditate laborum laborum exercitationem libero incidunt. Ratione molestiae nobis provident nemo repudiandae voluptas. Voluptas impedit facilis consequuntur reiciendis officia.
Provident architecto minima dignissimos. Quas provident inventore minima reprehenderit tempore asperiores odit. Possimus dolores iusto consectetur. Pariatur debitis adipisci.
Deleniti reiciendis consequuntur dignissimos quo cum laboriosam quisquam. Asperiores at facere fuga autem accusamus. Molestiae dicta facere qui alias exercitationem. Aspernatur assumenda eum. Temporibus quod dolor mollitia amet maiores est nobis eos.",h<BP8xqm5`<Rd&9,FUX-AuSp2rG)G;4,eyJhbGciOiJIUzI1NiIsInR5cCI6IkpXVCJ9.eyJzdWIiOjEwMDA0NjEsImlhdCI6MTY4MDI0MDAwNywiZXhwIjoxNjg1NDI0MDA3fQ.z-MpluW9MKiImF7aptdXzMhuzHPacvCTMptzdMJQXxQ
1000039,perspiciatis quis explicabo a vel,"Necessitatibus numquam omnis vero nemo odit. Rerum voluptatem nesciunt illum et suscipit. Doloribus id doloremque magnam in. Officiis veniam in optio inventore maxime voluptatibus tempora magni voluptatem.
Aut accusamus illum vel reiciendis eaque dignissimos quasi. Sint recusandae fuga vel assumenda rerum nisi. Quo consectetur rerum aliquam nihil delectus vero possimus iure praesentium. Atque iure necessitatibus esse. Excepturi aliquid adipisci similique repellendus explicabo. Nisi quam enim ad fugit distinctio nostrum iusto illum.
Tempora quis nobis adipisci. Doloremque nesciunt excepturi odit voluptas eveniet quas itaque impedit. Esse magnam occaecati illum accusantium consequuntur nobis. Saepe eveniet impedit dolor quo cum. Fuga adipisci tempora sed quod hic veritatis dolor. Enim accusantium quibusdam voluptatum nemo saepe deleniti officiis distinctio distinctio.
Facilis aut provident neque repellendus recusandae labore nobis consequuntur porro. Rem minus nemo ullam quidem. Exercitationem facilis quod culpa voluptatibus velit occaecati magnam. Suscipit molestias reprehenderit fugit hic eligendi mollitia natus. Modi cumque praesentium reiciendis repellendus amet sed temporibus a quod. Excepturi blanditiis aliquam.",JL+@X=l7Z/#X#K3,[S<(xIY$aCLLzZ3,eyJhbGciOiJIUzI1NiIsInR5cCI6IkpXVCJ9.eyJzdWIiOjEwMDAwMzksImlhdCI6MTY4MDI0MDAwNywiZXhwIjoxNjg1NDI0MDA3fQ.rmZh9SZkrA5jsHDQPDm9AxhkfsLAzZ1rzQSvfidZ6iw
1000844,cum aspernatur ut assumenda ut,"Possimus et eligendi a. Velit necessitatibus neque corporis unde ullam. Repudiandae reprehenderit magni voluptatem. Repellendus iusto possimus adipisci. Assumenda quibusdam nemo cupiditate corporis.
Aperiam iusto quidem laboriosam veniam. A quidem fuga id perferendis officia. Consequuntur expedita excepturi illum id in. Repellat minima ipsam. Suscipit tempore nisi tempore.
Unde laudantium vitae asperiores dignissimos voluptatibus maiores amet quibusdam. Reiciendis distinctio aperiam. Accusantium dicta libero eaque quia et ipsa eum totam. Dolorum labore delectus consequatur illo asperiores quae modi quibusdam esse. A ipsam laborum modi neque eos perspiciatis soluta.
Repudiandae consectetur minima enim porro quas tempore maxime maxime. Laboriosam qui non quibusdam sed. Ipsum quia cumque vel eveniet est sit. Cupiditate ratione consequuntur corrupti deleniti quo autem. Ex architecto doloribus neque sed ab officia non. Nobis nihil voluptates quis iure facere perferendis fuga dolores.",.V}K>@Vk.f/1_TO,"eCK+^VsI5""._<BA",eyJhbGciOiJIUzI1NiIsInR5cCI6IkpXVCJ9.eyJzdWIiOjEwMDA4NDQsImlhdCI6MTY4MDI0MDAwNywiZXhwIjoxNjg1NDI0MDA3fQ.dTf-R7Kd_N4cytLDl8XsBoWy9vqhBPAbooCcZ31ZSu8
1000383,impedit natus perspiciatis enim eaque,"Pariatur dolores repellendus tempora. Atque enim tenetur laborum eum veniam consequuntur dicta ullam. Maiores perspiciatis fugit dolores incidunt hic. Ex id ad voluptatum vel nihil perspiciatis adipisci. Quia tenetur quam.
Suscipit quasi laudantium ex illum. Maxime veritatis alias animi. Sequi tempore quaerat veritatis id. Fugit accusantium consectetur accusamus rerum blanditiis nam vitae. Maiores magni officiis earum ex voluptas. Blanditiis nulla recusandae reiciendis fuga voluptatum.
Doloremque ratione ipsa corrupti illum quos facilis necessitatibus laboriosam. Dolor reprehenderit quos dolore praesentium reprehenderit praesentium. Placeat impedit odit. Praesentium deleniti recusandae.
Facere atque porro debitis esse temporibus nam unde quisquam. Rem voluptate ullam sed. Sapiente nesciunt placeat assumenda. Cum animi adipisci atque reiciendis impedit et perspiciatis.",(IJ8)H=Z:%:8Bmo,P$w`-<\hY>az0so,eyJhbGciOiJIUzI1NiIsInR5cCI6IkpXVCJ9.eyJzdWIiOjEwMDAzODMsImlhdCI6MTY4MDI0MDAwNywiZXhwIjoxNjg1NDI0MDA3fQ.ifkh4JD5-qm_2CNqquE4LF_yg13KBvW5M3HaRDtfhrU
1000736,saepe consequuntur quidem possimus voluptatem,"Nesciunt eum vel vitae quis. Recusandae deleniti omnis omnis sapiente. Repellendus earum perferendis deserunt.
Quae distinctio dolor exercitationem ducimus deleniti ea. Sunt dignissimos itaque accusamus. Asperiores saepe quis ullam. Voluptatum aperiam amet accusamus nobis amet. Consequuntur facere enim voluptatibus perspiciatis iste nam veniam enim cumque.
Aliquid velit quae qui porro rem ipsum a aliquid quia. Nulla amet eum delectus autem quas voluptatibus. Molestias reiciendis dolorem debitis nobis et autem excepturi odio aliquam. Vitae illum saepe voluptas nostrum laborum natus.
Ipsum maiores omnis quod. Occaecati porro delectus nisi laborum magni laborum. Quia labore eligendi et accusantium repellendus veritatis ducimus inventore. Minima earum eligendi cumque totam nesciunt vitae. Eos quae quis ipsum voluptatibus rem.",TmR*hc?Po*J;^$Q,9TyZR?rf.L_NC#+,eyJhbGciOiJIUzI1NiIsInR5cCI6IkpXVCJ9.eyJzdWIiOjEwMDA3MzYsImlhdCI6MTY4MDI0MDAwNywiZXhwIjoxNjg1NDI0MDA3fQ.o48ZeCVkdsHfqBLU2u4Kz7ltOymWL55JKVh-NJ_4u4M
1000390,nobis molestiae velit sapiente dignissimos,"Assumenda esse non cumque in unde iste dicta corporis alias. Tempora quis molestiae expedita unde consequatur neque voluptatem commodi. Omnis ipsa perferendis facilis odio pariatur aut architecto illum laborum. Maiores tempora voluptates in necessitatibus. Non dolor a sunt ducimus facere.
Tempore numquam vitae iusto similique ad. Excepturi deleniti dolorum iste quod sint ipsa autem similique. Quasi voluptas ut perspiciatis est.
Quis repellendus reiciendis reiciendis aliquam at repellat adipisci in aspernatur. Nesciunt officia sit eum adipisci ut earum. Officia voluptate tempora ipsa dolorum ex. Cupiditate nihil dolorum delectus eaque maiores culpa omnis. Explicabo repellendus vero quasi ipsam quam ratione minus. Vero beatae corporis veritatis iste asperiores cum.
Impedit in voluptatum esse illo sunt aspernatur. Temporibus quam totam optio quisquam quas voluptates mollitia. Eligendi dolores dolor. Delectus necessitatibus doloremque.",+WaOzVcjc)NlID5,eo5+RX\\C|`A+:0,eyJhbGciOiJIUzI1NiIsInR5cCI6IkpXVCJ9.eyJzdWIiOjEwMDAzOTAsImlhdCI6MTY4MDI0MDAwNywiZXhwIjoxNjg1NDI0MDA3fQ.96R7t8LgV-YWCrVDY7FYEdphwRiY1j_orRdif0MgCKA
1000315,natus id commodi dolorum ratione,"Inventore nostrum eius tempore. Odio provident aperiam exercitationem. Adipisci pariatur assumenda ullam quasi tenetur ea.
Animi aliquid laudantium quis aut aspernatur dolores. Odio odit eaque soluta officiis commodi modi. Molestiae nostrum voluptatem blanditiis exercitationem. Exercitationem eos sed amet. Dignissimos culpa vero vitae suscipit libero ex incidunt nihil. Quisquam sed deserunt neque aliquid neque.
Illo excepturi quis assumenda nam perferendis unde consequatur ipsum. Natus nulla explicabo aliquid vero unde. Tempore quisquam iste itaque qui necessitatibus explicabo veniam corrupti.
Eius animi maiores. Ab quaerat iusto deserunt qui minus quos eligendi. In eius corporis corrupti sit. Dolore eaque illum natus expedita fugiat suscipit ab nesciunt quo. Aliquam blanditiis dignissimos porro qui.",CM;[NFl<Ob<*t9Q,7N$#%h`jEMA0zmj,eyJhbGciOiJIUzI1NiIsInR5cCI6IkpXVCJ9.eyJzdWIiOjEwMDAzMTUsImlhdCI6MTY4MDI0MDAwNywiZXhwIjoxNjg1NDI0MDA3fQ.IUiBP16YOWMsl6vTMX1mRsiqpw_lJb24up7HzYyr3KY
1000533,in quia laborum adipisci minus,"Vero voluptates dignissimos ex optio dolores. Necessitatibus id itaque. Dolore cupiditate provident et. Error cupiditate excepturi molestias commodi dolore. Ad et at eius.
Qui rerum facilis ipsam minus. Accusantium tenetur amet provident suscipit molestiae cumque. Reiciendis minus optio impedit porro voluptatem modi quibusdam architecto. Esse ratione eius. Deserunt nostrum magnam ipsum laboriosam quos molestias blanditiis. Quisquam modi veritatis numquam quasi.
Soluta at harum illo quasi eligendi quod tempore odio pariatur. Culpa quos non alias itaque explicabo nisi veniam placeat consequuntur. Possimus provident sapiente libero hic numquam voluptatibus similique iure et. Doloribus quam cumque magni blanditiis tenetur.
Eaque quod nulla repudiandae doloribus incidunt. Quia ad sapiente itaque soluta exercitationem placeat officiis sequi quisquam. Ab voluptate ipsam voluptate earum cumque nemo voluptatem. Quia mollitia quia labore ad autem alias quibusdam voluptates.","WwAU6AS#2\""018=",Sz?WGPK5ZAEr5_U,eyJhbGciOiJIUzI1NiIsInR5cCI6IkpXVCJ9.eyJzdWIiOjEwMDA1MzMsImlhdCI6MTY4MDI0MDAwNywiZXhwIjoxNjg1NDI0MDA3fQ.is6_Jvz1q7nDqkDY7KNdbY4D2i-rp6yjoWl0NbRdj2U
1000222,quidem magnam nesciunt hic amet,"Est excepturi inventore magni amet reprehenderit voluptate ex. Omnis adipisci laboriosam laboriosam dolorem accusantium ullam deleniti odit. Magni tenetur tenetur iste beatae quidem vel incidunt dolores alias.
Ullam eius non adipisci rerum rem error vero quod. Repudiandae voluptatum dicta adipisci accusamus earum provident. Similique quas odit. Eaque occaecati vero voluptatem. Atque eum consectetur tempora in alias. Eligendi dolore aperiam nesciunt et ipsam repellendus blanditiis tempora.
Officiis quam iste veritatis itaque laboriosam. Asperiores quam ab ad dolore dolorem consectetur aliquid. Ullam iste ratione officiis veritatis perferendis vel occaecati at tempore. Libero iure rem facere dolorum. Iure maiores fugit rerum.
Aut deleniti sapiente dolore. Occaecati dolores deleniti dolore. Vel molestias fugit aspernatur quasi error quidem officiis. Odio earum adipisci ipsum temporibus incidunt.",sVsOQuz[_}%3?W8,`6uQlGdjOS[8)^9,eyJhbGciOiJIUzI1NiIsInR5cCI6IkpXVCJ9.eyJzdWIiOjEwMDAyMjIsImlhdCI6MTY4MDI0MDAwNywiZXhwIjoxNjg1NDI0MDA3fQ.imN8JgtCsVzABW6D5fcQ5-VpOmALbNen25QnKrAO9fY
1000252,dolor fuga molestias quia perferendis,"Tempore eaque tempora aut quaerat fuga libero. Hic consectetur quidem ab. Illo ex voluptate nihil molestiae magnam nihil molestiae. Non nesciunt commodi. Esse aliquid quia eaque nobis. Nesciunt cumque eaque.
Voluptas deleniti nam soluta sit dolorem blanditiis tempora. Mollitia delectus tenetur odit laborum ex iste. Consectetur pariatur doloremque esse id.
Iste maiores repudiandae id vitae nulla maxime. Aliquam non tempore sapiente provident ad. Nostrum eius iusto soluta iusto numquam magni. Totam occaecati occaecati iste provident dolor veritatis animi autem. Facere recusandae eveniet. Voluptates porro aspernatur sit.
Ut commodi vero cum velit eum ipsum impedit quibusdam saepe. Consequuntur fugit itaque illo deserunt dolorum maiores nobis. Similique nam id illo temporibus ea quod. Fugiat officiis velit eos sunt saepe porro esse culpa. Aspernatur nihil minus corrupti dolor architecto vitae. Similique quidem provident.",88Sw0]ni(5<1pNA,",4'dfX8?J\0X<IM",eyJhbGciOiJIUzI1NiIsInR5cCI6IkpXVCJ9.eyJzdWIiOjEwMDAyNTIsImlhdCI6MTY4MDI0MDAwOCwiZXhwIjoxNjg1NDI0MDA4fQ.cmGQ_mvIuapek6W5hZhEaOcugrH8ZwH0K2QSKutk2HI
1000184,placeat pariatur nihil amet iure,"Non repudiandae labore ipsum ad asperiores libero est. Nobis aut fuga fugit harum odit porro optio praesentium voluptatem. Maxime eaque expedita nulla quos labore enim. Perspiciatis vero mollitia necessitatibus autem dicta quae maiores labore. Distinctio quidem voluptates debitis voluptates ipsa sunt. Provident architecto hic nulla.
Quibusdam dolorem totam eum maiores illum. Quibusdam ipsum debitis in. Tenetur tempore et sequi perferendis ut praesentium officiis non minima.
Sint corrupti similique similique totam cupiditate. Magni fugit necessitatibus perspiciatis eligendi eligendi deserunt exercitationem. Et modi fuga magni itaque esse vitae vel. Numquam quia distinctio consequatur ratione occaecati ducimus non.
Fuga cumque quasi sequi tempore qui aspernatur nulla suscipit minima. Veniam nisi quae optio quidem iusto totam enim dolorem. Harum sint dolorem excepturi voluptatibus magnam corporis sequi. Consectetur provident numquam. Minus dolor laborum rem accusamus porro omnis ex tenetur.",":zl{o$]""rbOY;mc","q&hWRL|3BA2$g,z",eyJhbGciOiJIUzI1NiIsInR5cCI6IkpXVCJ9.eyJzdWIiOjEwMDAxODQsImlhdCI6MTY4MDI0MDAwOCwiZXhwIjoxNjg1NDI0MDA4fQ.I0Qy2PXHnffY7BJjApaegmems49ze8seyFJUjzDQyIk
1000507,excepturi ex repudiandae iste error,"Assumenda consectetur at deleniti facilis nesciunt. Maiores dolorum soluta occaecati. Consectetur placeat consequuntur in exercitationem doloribus expedita. Eos fugiat numquam modi molestiae hic vitae quia natus aspernatur. Eaque vero numquam nobis tempore non. Perspiciatis voluptate sed quo laborum officiis placeat quam atque.
Sapiente dicta earum. Omnis quasi omnis quibusdam. Ipsa sed cum cum laborum maiores facilis excepturi voluptate. Libero aliquid excepturi quis neque id excepturi ea. Inventore eos optio modi quis sequi sint.
Illum saepe corporis doloribus quam quidem ex sunt dolore. Repudiandae error id exercitationem eveniet delectus laboriosam consectetur omnis. Fuga eum reprehenderit est voluptates quos. Placeat eum tenetur labore sequi deserunt inventore neque nesciunt.
Ad eveniet sit quas similique voluptates aut velit recusandae cum. Assumenda exercitationem magni numquam dolorum non soluta. Deserunt iure nobis corporis ex animi illo fugit. Fuga ullam modi occaecati eos veniam mollitia. Dolore beatae occaecati qui recusandae. Eligendi modi quod.","X(7,j0.-`=T/dGw","s1`#r-,*dpZ9FpM",eyJhbGciOiJIUzI1NiIsInR5cCI6IkpXVCJ9.eyJzdWIiOjEwMDA1MDcsImlhdCI6MTY4MDI0MDAwOCwiZXhwIjoxNjg1NDI0MDA4fQ.oAWTGvD-qUvYJPYnzgOnTag_DxF0GVHIqn7rNlkFTU0
1000091,iusto et porro facilis dolorem,"Ipsam blanditiis nemo animi. Aperiam cumque qui voluptatum omnis suscipit deserunt voluptate reprehenderit. Iste doloribus culpa dolores earum. Optio impedit placeat deserunt quisquam ea eveniet.
Blanditiis magni nobis pariatur illum voluptatem aliquam suscipit minus at. Voluptatem dolorum mollitia quo ut commodi eum molestiae molestias. Sequi atque error rerum nostrum quam facilis temporibus. Ad delectus perferendis a officiis beatae nulla minus suscipit iusto.
Ipsa odit libero rem eveniet sed occaecati fuga fugiat. Deleniti veniam nulla illum atque omnis molestiae facere deserunt. Provident voluptates error ex quos.
Excepturi perspiciatis sint ad eveniet magni quo ullam. Ea distinctio quam blanditiis molestiae. Quia delectus corporis itaque sapiente quod. Eligendi temporibus adipisci a vel eum quod recusandae mollitia ad.",B#38\9^:+`<to7t,lv`C5IkDb=qqKj$,eyJhbGciOiJIUzI1NiIsInR5cCI6IkpXVCJ9.eyJzdWIiOjEwMDAwOTEsImlhdCI6MTY4MDI0MDAwOCwiZXhwIjoxNjg1NDI0MDA4fQ.faNUWUO-FjXuXe0V9plO5LGNARcFVWt9y6NSB455Mjs
1000877,voluptatibus deleniti placeat molestiae optio,"Asperiores hic expedita officiis nemo quod. Officiis vel voluptatibus. Minima vero nobis.
Facilis maxime tempora vel mollitia. Molestias porro porro tempora culpa id. Blanditiis maiores quis debitis reiciendis est. Ducimus sunt cupiditate praesentium nihil incidunt.
Eligendi molestias quibusdam tempore asperiores fugiat. Officiis eveniet pariatur sunt officiis tempore. Eaque eveniet a animi quam recusandae animi corrupti laborum quis. Error possimus optio iure ducimus dolores occaecati non dolore a. Qui est ducimus illo consectetur id hic quam. Dolor quae iure nulla.
Assumenda blanditiis odio quibusdam laborum beatae sapiente. Animi esse qui incidunt sunt sit saepe laborum eligendi. Nulla aspernatur sequi nesciunt.",=|LZ}H\q-#0Xm_8,G@_oBEhCbUc]P(*,eyJhbGciOiJIUzI1NiIsInR5cCI6IkpXVCJ9.eyJzdWIiOjEwMDA4NzcsImlhdCI6MTY4MDI0MDAwOCwiZXhwIjoxNjg1NDI0MDA4fQ.z3u0_Chd6A2p8z2fNBbXLWqgFCvVyxRLUNBzvquP_xg
1000066,alias repudiandae quidem quidem velit,"Officia delectus qui provident accusamus voluptatem quas fugiat aspernatur harum. Dolorem nemo possimus. Non illum voluptatem voluptatem voluptas. Perspiciatis aperiam aspernatur iste ipsa illo voluptatem culpa unde.
Nam vero temporibus officiis eaque id excepturi ut nemo. Inventore officia iste corporis pariatur iusto non. Culpa molestias nisi. Officia cumque mollitia aliquid assumenda sint voluptatem quis quae porro.
Odio sint error veniam molestiae placeat minima id. Facere repudiandae nulla facere id animi illum quia nobis dolor. Maiores odio quam architecto.
Quia molestiae nobis accusamus error eligendi eaque reiciendis quo atque. Nesciunt assumenda delectus tenetur ad natus fugiat tenetur aliquid maxime. Quaerat dolorum vero. Quos voluptatem officiis iste saepe repellat temporibus praesentium.","AXKM&%)-={yJ,Ii","K^}@""+WB6""'_/Bn",eyJhbGciOiJIUzI1NiIsInR5cCI6IkpXVCJ9.eyJzdWIiOjEwMDAwNjYsImlhdCI6MTY4MDI0MDAwOCwiZXhwIjoxNjg1NDI0MDA4fQ.jw9tXATQocEYICuVri1S4hAQMfrn1kyNDwd-_JXdXM8
1000000,repellendus a quas nam reprehenderit,"Libero vel mollitia delectus minima amet. Sequi modi eius mollitia ipsa facilis perspiciatis. Deserunt pariatur maxime. Ab impedit labore suscipit iusto. Iste distinctio accusantium.
Voluptate aliquid sint eos nam porro architecto. Commodi dolores cupiditate illo quibusdam dolores ipsam reiciendis. Nulla voluptatibus possimus quibusdam et.
Quia assumenda numquam. Aliquam incidunt ab. Soluta suscipit aspernatur officia praesentium voluptatum.
Nobis mollitia aperiam dolor corporis voluptatibus cupiditate dignissimos. Ex in dicta tenetur nostrum pariatur placeat natus numquam. Voluptas sunt dolorum. Nisi ratione quae aut deleniti natus et nostrum laborum similique.","Zw2#0#jKnwK@,<w",wfRiYuw$(JNrVc*,eyJhbGciOiJIUzI1NiIsInR5cCI6IkpXVCJ9.eyJzdWIiOjEwMDAwMDAsImlhdCI6MTY4MDI0MDAwOCwiZXhwIjoxNjg1NDI0MDA4fQ.fCyFMFhIitxqFQ3cMotkagqbX_RVoGp3qIfwEdWf9Ms
1000507,corporis doloribus ullam porro repudiandae,"Iusto vero unde tempora asperiores culpa et animi unde laudantium. Ad reprehenderit nesciunt alias occaecati vel. Praesentium facilis quas. Quo adipisci vel. Culpa quod provident illum quisquam ducimus. Corrupti quaerat facilis nisi quisquam rem numquam ab.
Sint officiis quisquam. Quisquam voluptates distinctio quam quod. Facilis vero eligendi. Qui quod optio.
Harum corrupti sit eos. Ipsa dicta nisi inventore nesciunt fuga. Cum ad sit repellendus rem perspiciatis voluptas animi.
Nemo nam omnis repellendus unde assumenda vitae possimus quos. Reprehenderit aliquid laudantium. Aspernatur eos cupiditate alias repellat architecto neque.",YD:90AEWchfff+w,g^F-/]8]#L8O*VE,eyJhbGciOiJIUzI1NiIsInR5cCI6IkpXVCJ9.eyJzdWIiOjEwMDA1MDcsImlhdCI6MTY4MDI0MDAwOCwiZXhwIjoxNjg1NDI0MDA4fQ.oAWTGvD-qUvYJPYnzgOnTag_DxF0GVHIqn7rNlkFTU0
1000358,consequuntur itaque voluptatum veritatis odit,"Iusto nobis earum itaque itaque. Officiis ad hic eos. Et pariatur blanditiis. Tempora voluptates corrupti corrupti officia ut eaque accusamus tempora provident. Tempora quis quidem neque. Assumenda eligendi sapiente ratione.
Expedita cum voluptatibus hic modi dolore corporis dolore minus quam. Temporibus explicabo deserunt quibusdam quaerat sunt quidem magnam optio et. Illo deleniti dolor dolorem asperiores. Quaerat esse eligendi.
Facere repellat totam eius hic iste libero. Eos commodi tempore. Nulla quos laborum. Occaecati vero tenetur in recusandae qui autem ullam enim.
Earum non sequi accusantium sit ab neque quae quibusdam. Commodi assumenda optio recusandae dolore accusantium ex ut maxime. Ipsum explicabo ducimus incidunt. Enim dolor ut voluptatum. Culpa fugit saepe. Mollitia consequuntur nemo tempore quo ea fugiat fuga alias odit.",Rt.*5MWCHgV:H'4,"9;1HYn""@JLK2\u""",eyJhbGciOiJIUzI1NiIsInR5cCI6IkpXVCJ9.eyJzdWIiOjEwMDAzNTgsImlhdCI6MTY4MDI0MDAwOCwiZXhwIjoxNjg1NDI0MDA4fQ.6-3gEgecVG5JoAWThm2_7o901uT0pHvZhFwyYFDDvOE
1000680,nihil iure aperiam nostrum facilis,"Ut corporis vitae totam quia. Nisi asperiores tempora perferendis totam sed recusandae. Harum repellendus veniam deleniti earum distinctio sed natus occaecati. Veniam quaerat animi nisi recusandae. At molestiae soluta repellendus.
Provident molestiae magnam pariatur quas numquam. Occaecati unde commodi magni. Reiciendis voluptatem consectetur in facilis. Rem eos illum similique error. Occaecati hic eaque vitae incidunt distinctio ex praesentium labore. Totam quos accusantium animi cumque cupiditate mollitia id itaque.
Beatae itaque temporibus sint eveniet repudiandae sed. Neque sint dolor minima ipsum. Non alias aspernatur dolores illo quae sequi rerum. Magnam ipsa pariatur cum.
Minus maiores consectetur sunt excepturi reprehenderit nostrum eos libero. Suscipit velit vel rerum ut. Voluptatem facere minima nesciunt. Blanditiis suscipit ullam ipsa asperiores.",2$p8o=Y&y>]f)&l,",]ZX4MPV""$s-u<u",eyJhbGciOiJIUzI1NiIsInR5cCI6IkpXVCJ9.eyJzdWIiOjEwMDA2ODAsImlhdCI6MTY4MDI0MDAwOCwiZXhwIjoxNjg1NDI0MDA4fQ.aFRsgyG7YmgNnQsqdiuZAhy_8tVmdanNV02zfwu99U8
1000987,quasi provident at nulla eius,"Nisi fuga provident perspiciatis vel. Commodi nobis at id perspiciatis id. Vel modi nisi.
Quo magni eum nihil. Accusantium eum odio totam distinctio commodi. Aut vel voluptatum exercitationem nobis. Animi quam optio nesciunt. Dolores doloremque delectus omnis dolore officiis quidem eos doloribus. Numquam eos corporis suscipit odit vel quo repellendus.
Corporis vero corrupti debitis illum sunt nulla aliquid itaque. Modi dignissimos magni autem excepturi. Cupiditate commodi perferendis ab. Id magni dolores quasi illo sint impedit asperiores molestiae.
Dignissimos deserunt reprehenderit earum. Commodi cum blanditiis veritatis esse error. Incidunt soluta ea voluptatem sapiente voluptas. Error maiores fuga molestias.",3Z%<T;GhRmDve?B,\P?9BMt@T(MC!KF,eyJhbGciOiJIUzI1NiIsInR5cCI6IkpXVCJ9.eyJzdWIiOjEwMDA5ODcsImlhdCI6MTY4MDI0MDAwOCwiZXhwIjoxNjg1NDI0MDA4fQ.ahwOAujQOO9repIkYPZI9LVDtJMfqqbNgWQvk6br7xU
1000292,error natus nemo facilis numquam,"Exercitationem deleniti earum illum dolores repudiandae veritatis eligendi quis doloribus. Quam fugit cum quidem harum. Illum consectetur laudantium quam dolores beatae. Accusamus itaque dolore laudantium debitis saepe. Accusantium corporis quasi nulla tempore nemo quibusdam.
Necessitatibus aspernatur sint ut. Deleniti sapiente nulla hic ipsum nobis sed enim. Perferendis nisi quia illum cum non enim aperiam saepe tempore. Quod eveniet et error ad laborum perspiciatis et temporibus. Neque explicabo fuga minus impedit corporis nostrum adipisci. Dolores nobis sed.
Vel nostrum ex iste. Vel quae quo dolore possimus numquam omnis dicta id. Culpa id ad sapiente fugiat enim non. Facere assumenda nostrum suscipit voluptas dolore quas debitis ab ex. Quia repellat quibusdam porro hic. Molestiae eos magnam ducimus nobis deleniti quos.
Necessitatibus illum et repudiandae fuga in. Esse repellat laboriosam dolores labore quaerat eius. Repudiandae iure blanditiis eligendi eos amet. Cum inventore eum ratione animi impedit aut in harum odit. Ducimus aspernatur ad expedita possimus ipsam voluptatum nihil est nam. Error ipsum quod vel dolorem maxime ab mollitia.",+O4NsHQ2#oeTCi(,Q0g37QyyI_0PDzz,eyJhbGciOiJIUzI1NiIsInR5cCI6IkpXVCJ9.eyJzdWIiOjEwMDAyOTIsImlhdCI6MTY4MDI0MDAwOSwiZXhwIjoxNjg1NDI0MDA5fQ.Bvc0hSky1lv7Xw7ceshl0pOalgD8o_U6ZoNJfWWBG1w
1000314,culpa ad maxime sequi nostrum,"Doloremque aliquam ratione labore. Consequuntur architecto praesentium et incidunt dolorem. Ducimus at tempora ea omnis dolorum quidem. Inventore perferendis iusto eveniet.
Aliquam accusantium nam doloribus illum maiores eligendi pariatur. Nam beatae sint minus fugit. Ut consequatur deserunt dolores. Nam architecto libero aspernatur voluptates ab magni distinctio sapiente. Et provident dicta quibusdam. Aspernatur culpa eum et provident dolorem quibusdam natus.
Eligendi iste qui enim. Veritatis tenetur fugit nobis ut odit dolore. Ipsam repellat officia ipsam consequuntur voluptatum saepe id nobis modi. Quisquam asperiores voluptatibus et optio accusantium culpa sequi odit. Deleniti officiis qui consequuntur. Aliquid maxime vitae vel atque.
Explicabo nobis quis asperiores non similique quisquam accusantium ad. Non id aliquid aperiam corporis dolorem dicta eligendi distinctio praesentium. Rem ad ducimus dicta exercitationem ad similique. Laborum alias adipisci non exercitationem in praesentium recusandae sit. Officiis culpa officia eos esse harum atque nam. Possimus animi odit maxime repellat quo vero consectetur.",lBBWtXg)hOv9vt5,8Cu]ti$Ma&/lDBR,eyJhbGciOiJIUzI1NiIsInR5cCI6IkpXVCJ9.eyJzdWIiOjEwMDAzMTQsImlhdCI6MTY4MDI0MDAwOSwiZXhwIjoxNjg1NDI0MDA5fQ.jxin98oKZlRGJecwoc7bXudkE8LP1mD_tmqyxHN2AjQ
1000801,provident quae quis aliquam nesciunt,"Dolores voluptate voluptas optio voluptas cum aut ullam. Quasi explicabo praesentium praesentium corporis. Eaque placeat cupiditate labore in quos consequatur soluta voluptatem. Molestiae sed eum beatae saepe non illum occaecati quia.
Rem labore vel repellat quisquam itaque necessitatibus provident provident. Autem vitae ea accusamus esse quis aperiam debitis voluptates. Maxime hic ex ratione deleniti aperiam sequi dicta. A nam tempora pariatur quibusdam et dicta itaque. Ab praesentium ullam eveniet delectus natus soluta tenetur in facere.
Atque ratione hic similique unde voluptatibus aliquam culpa illo. Ex molestias omnis sequi at nihil aliquid. Consequuntur reprehenderit commodi neque asperiores ullam vel iste. Natus corporis consequuntur dolorum minus cumque cumque.
Tempore voluptatem earum tenetur deserunt veritatis vel. Voluptatibus consequuntur dolorem incidunt fugiat. Ea amet perspiciatis eum laborum. Assumenda repellendus ad nemo velit sapiente ratione ab facere.",O^Uvd'V(DJw:IVe,<Ur=1jbMj|[(u7`,eyJhbGciOiJIUzI1NiIsInR5cCI6IkpXVCJ9.eyJzdWIiOjEwMDA4MDEsImlhdCI6MTY4MDI0MDAwOSwiZXhwIjoxNjg1NDI0MDA5fQ.dArDTKWbDSiHuIrff3Eh14qtk0cJP_nzs2di1YEqKS0
1000347,tenetur inventore odit natus quod,"Harum hic dolorem. Dignissimos omnis accusamus ullam distinctio neque nemo. Consequatur dolore eveniet ex doloremque iste vitae perferendis.
Vel consequatur iusto modi vitae iste magni nam. Similique officiis quis officiis illo ex a. Iusto ratione aut doloremque dicta est aut aspernatur eius sapiente. Reiciendis at quae est recusandae ipsa. Excepturi quibusdam dolorem odit voluptates cupiditate id quidem. Numquam praesentium ipsam non voluptatum provident laboriosam dolores possimus.
Similique vero non iusto impedit. Hic consequatur blanditiis repudiandae ab excepturi quasi amet. Ex nesciunt voluptatibus vitae harum. Ut error officia atque libero odio tenetur culpa optio. Occaecati sint hic maiores.
Cumque deleniti ab. Eius reiciendis est alias voluptates. Distinctio saepe fugiat commodi quasi.",bSh58U3z=C]e/Tl,Rnt?nr&0<B|sJ3v,eyJhbGciOiJIUzI1NiIsInR5cCI6IkpXVCJ9.eyJzdWIiOjEwMDAzNDcsImlhdCI6MTY4MDI0MDAwOSwiZXhwIjoxNjg1NDI0MDA5fQ.nhdqwbbFs14VBXEC7QKd3ou2IfOqZ6gbOcfto2dtG1c
1000962,commodi debitis hic soluta reiciendis,"Cumque quod expedita. Natus nihil eum fugiat maxime minima aperiam quisquam quod assumenda. Quia laudantium rem modi. Maiores harum sequi ex architecto repudiandae cum deleniti. Nesciunt minima vel neque quisquam distinctio reiciendis officiis soluta nesciunt. Quae quasi eligendi inventore atque velit.
Vero harum quasi sunt accusantium accusantium veritatis delectus. Omnis illo corrupti fuga et magni quo nihil error consequatur. Corrupti eveniet pariatur dolorem. Voluptates doloribus laborum ullam ratione magnam doloribus nulla porro. Aspernatur distinctio expedita impedit veritatis pariatur repudiandae.
Id corporis unde enim quae. Ipsum eius sequi dolores. Sed facere ex deserunt. Necessitatibus laboriosam fuga voluptatem placeat adipisci exercitationem neque.
Occaecati maxime vero. Deleniti perferendis id necessitatibus numquam voluptas quae. Quidem enim architecto illum omnis sapiente adipisci illum et aut. Nemo cumque modi facere ex eaque accusantium nostrum. Distinctio delectus consectetur ad deleniti.",GL%^o4l5`Qi%VQ!,b\u{C|5v{Kmo$Z;,eyJhbGciOiJIUzI1NiIsInR5cCI6IkpXVCJ9.eyJzdWIiOjEwMDA5NjIsImlhdCI6MTY4MDI0MDAwOSwiZXhwIjoxNjg1NDI0MDA5fQ.DtDKnSat0GN1IbT0tzpH6gNl8PsYgpq5ChDDjGPjifw
1000334,sunt velit commodi architecto totam,"Accusamus aliquid et delectus officia. Fugiat asperiores totam ut et soluta consequatur voluptatem ipsam. Praesentium sapiente expedita dignissimos illum quaerat itaque sunt ipsum reprehenderit. Voluptatem porro debitis nobis nam. Adipisci dolor doloremque quis vel in cumque asperiores.
Repellendus quisquam modi perferendis numquam labore. Commodi cumque doloribus dignissimos accusantium reprehenderit inventore beatae molestias. Vero mollitia maxime repudiandae sapiente quam fugiat consequuntur. Mollitia libero asperiores voluptatum placeat soluta aspernatur rerum harum impedit.
Incidunt nisi dolorem a facere explicabo quam culpa. Nihil tempora dolorem illo provident quia doloribus. Aperiam maxime reiciendis aliquam. Fuga non saepe ipsum numquam nostrum.
Distinctio aspernatur exercitationem vel ab labore eveniet occaecati neque quo. Quisquam commodi ipsum sequi totam saepe atque. Voluptatem corporis amet nobis. Corrupti molestiae ipsa.",_RqBmU:3KB'PPnG,DdD:+W!B3H:qy6h,eyJhbGciOiJIUzI1NiIsInR5cCI6IkpXVCJ9.eyJzdWIiOjEwMDAzMzQsImlhdCI6MTY4MDI0MDAwOSwiZXhwIjoxNjg1NDI0MDA5fQ.5neawpoPbPtzrJ00VeaUIwd0DgrrNlwUNb512tb4_M0
1000337,labore perferendis commodi eius pariatur,"Recusandae aperiam aspernatur impedit reiciendis facilis. Dolor voluptatibus incidunt. Nam doloribus iusto quibusdam quos ratione perspiciatis veniam quaerat fugiat. Quia laborum dolor vitae eius.
Provident quos ea quas aspernatur. Blanditiis iste consequuntur fugiat ratione corporis. Tempore modi maiores esse dolores quo veritatis. Libero animi neque debitis doloribus fugiat atque assumenda suscipit. Similique minima aperiam autem. Harum molestiae similique corrupti ullam numquam animi deserunt vero.
Quod saepe recusandae. Id tempora soluta accusamus dolores corporis. Ducimus officia iste minima cumque magnam. Praesentium facere eveniet officia dicta dolore nesciunt.
Corporis maiores fugit optio incidunt cupiditate alias reprehenderit voluptatibus pariatur. Sed cumque saepe tempora soluta ipsa. Minima labore iure iusto. Nostrum optio perspiciatis.",@Y/4nMnz]jT:>f0,E*h(8R02.=;e7*+,eyJhbGciOiJIUzI1NiIsInR5cCI6IkpXVCJ9.eyJzdWIiOjEwMDAzMzcsImlhdCI6MTY4MDI0MDAwOSwiZXhwIjoxNjg1NDI0MDA5fQ.6A5sIKUF1LbHhaiQQhAkpXdVKLtYRMc7-by4Hgl0sv8
1000417,neque aperiam sit qui possimus,"Dolorem sequi consequuntur iste nam ad tempora quas at. Ducimus occaecati pariatur iusto ut cupiditate modi culpa sed. Sed minima tenetur. Corporis unde dolore atque et maiores tempora nam. Aliquid vitae ipsa consequuntur vitae cumque dolore hic.
Voluptate eos rerum laudantium. Nulla soluta distinctio numquam possimus debitis. Sapiente suscipit adipisci sequi quos neque minus officiis eius. Esse eum aliquam quod.
Asperiores inventore voluptas rem facere necessitatibus accusantium. Consequuntur doloremque suscipit molestiae quia asperiores. Exercitationem dolorum vero asperiores quis fugit tempora exercitationem distinctio recusandae. Reprehenderit odit labore. Ratione odio exercitationem.
Optio deleniti deserunt similique illo quasi quam asperiores pariatur doloremque. Nisi officiis iste necessitatibus omnis. Animi perferendis laudantium consequatur vitae autem deserunt. Vero sapiente odio.",(t(xm2$.aAwkMk8,Nx9F|::Y;E.fA[*,eyJhbGciOiJIUzI1NiIsInR5cCI6IkpXVCJ9.eyJzdWIiOjEwMDA0MTcsImlhdCI6MTY4MDI0MDAwOSwiZXhwIjoxNjg1NDI0MDA5fQ.qjbIZoMwBTOSPrTvvHmyylCvz5diBrZECFxg4C-TE9I
1000596,a voluptate hic aperiam culpa,"Tempore itaque iure culpa aliquid asperiores ratione neque ullam. Possimus itaque accusamus provident nobis ducimus earum. Est aspernatur corrupti dolor unde amet. Quidem consequatur facilis ullam itaque consectetur. Maxime suscipit ullam earum optio quos voluptates.
Vitae omnis corrupti praesentium excepturi optio architecto. Provident numquam a repellat. Sint reprehenderit minus ipsam. Ea mollitia laudantium corrupti rem recusandae labore. Ea alias doloribus delectus aliquid nisi delectus maxime dolor.
Consequuntur dolores magni. Fugit cumque enim voluptates excepturi dolore. Magni nihil repellat facilis aliquam. Eaque corrupti quam voluptatibus quas id veritatis maiores laboriosam consequatur. Esse rerum non sequi suscipit. Praesentium ipsum doloremque nesciunt maiores animi nulla.
Tempora delectus eveniet vel facere hic at sint. Autem blanditiis placeat pariatur facilis nisi consequuntur soluta placeat adipisci. Similique laudantium harum vero illo quos voluptatibus nam. Cupiditate dolore delectus dolor deleniti aut aperiam impedit.",-u77u'H=RdUB_0g,:Ps}PF2fMMW=4@d,eyJhbGciOiJIUzI1NiIsInR5cCI6IkpXVCJ9.eyJzdWIiOjEwMDA1OTYsImlhdCI6MTY4MDI0MDAxMCwiZXhwIjoxNjg1NDI0MDEwfQ.AIoSU24FHGB9Kr8aGAOLUwq6DadhsYAmu62XpHamZRE
1000809,dolorem iste facilis nihil consequatur,"Iusto dolor eligendi provident unde natus maiores explicabo possimus. Nisi consequatur odio. Explicabo quis enim ipsam similique quia dolorem cupiditate quia. Laborum laborum expedita rem animi ab ipsa unde temporibus. Molestiae minima magni.
Repellendus numquam maxime veniam dolorum eaque consequuntur. Consequatur necessitatibus molestias laboriosam temporibus non animi quo blanditiis odit. Iure perferendis magni totam doloribus consequatur ab laborum eos. Beatae deserunt iure adipisci doloremque voluptatem fugiat ipsa.
Perspiciatis qui optio tenetur autem modi sed. Commodi quaerat unde ipsa totam saepe natus sunt. Quo sed illo.
Sed dolorum enim consequuntur facilis. Veritatis praesentium laborum inventore similique minus laudantium ipsum. Maxime aut quasi corporis natus aspernatur corporis amet iure. Esse dolores recusandae nam labore vitae quidem labore nulla.","BYhOH*'wxJb,69o","rB7lD:tj0NhR"">a",eyJhbGciOiJIUzI1NiIsInR5cCI6IkpXVCJ9.eyJzdWIiOjEwMDA4MDksImlhdCI6MTY4MDI0MDAxMCwiZXhwIjoxNjg1NDI0MDEwfQ.1GK1GKAep96Ck330T9AXl46EuU2Ct8zaXy-ugtFCvos
1000015,sequi accusamus aspernatur consequatur reprehenderit,"Ipsam eos veniam vitae assumenda tenetur. Ipsum consequuntur quae architecto cum distinctio rem dolorum. Placeat aliquam illum sapiente quia officia. Iusto illum nesciunt praesentium. Est eligendi odio molestiae quos suscipit voluptas. Quis minus quam sapiente saepe.
Impedit accusamus quos sed. Asperiores dolore nihil ad blanditiis distinctio corrupti cumque aut. Corporis officia eius iure vitae nemo.
Illum ullam provident molestias tempora. Nemo explicabo rem consectetur accusamus inventore iste porro quibusdam numquam. Consequuntur dolorum incidunt et fuga corporis perferendis blanditiis in autem. Modi sed consequatur quae nihil illo delectus quae natus. Tempora mollitia maxime laboriosam impedit.
Earum architecto esse accusamus tenetur ipsum laboriosam. Ipsa beatae minima. Natus quaerat doloribus dignissimos itaque rem expedita minima. Nostrum delectus eligendi eius explicabo libero. Dolorum mollitia explicabo debitis labore quibusdam expedita at. A laudantium harum quos dolor repudiandae.",-pc<sy3\8`]3>]e,Jx7G\l18#JRw2'},eyJhbGciOiJIUzI1NiIsInR5cCI6IkpXVCJ9.eyJzdWIiOjEwMDAwMTUsImlhdCI6MTY4MDI0MDAxMCwiZXhwIjoxNjg1NDI0MDEwfQ.C8OY4Fad8KjnaaZVOcq7dUIEZ1rvjOgStamH_e-Ay-I
1000512,eveniet temporibus suscipit voluptates fugiat,"Delectus aperiam illum cumque harum. Nemo consequuntur dolorem commodi minus quia voluptatem itaque cum dolores. Rem facere quos neque quidem ipsum modi.
Pariatur quidem saepe quisquam tempore aut amet laborum at. Aliquam iure hic velit natus. Iusto autem ipsa beatae ullam officia eveniet.
Error sed nihil blanditiis animi. Nesciunt doloremque fugiat rerum ut possimus amet. Quisquam possimus nihil harum aut beatae quia. Rem ratione soluta fugiat quos ut saepe dolorem. Quo laborum maiores cupiditate quisquam atque amet voluptates quis.
Voluptatum sapiente dolorem itaque tempore maiores odio voluptas modi. Doloribus voluptatum amet quibusdam in nisi molestias perferendis eum iure. Aliquid nulla enim. Libero mollitia iure. Unde illum mollitia sed similique illo esse consectetur atque.","h6@jpM-\se2,C/O",j)a18)t4>Ayv&I|,eyJhbGciOiJIUzI1NiIsInR5cCI6IkpXVCJ9.eyJzdWIiOjEwMDA1MTIsImlhdCI6MTY4MDI0MDAxMCwiZXhwIjoxNjg1NDI0MDEwfQ.Xdk-fYj8K1iCBKUEOW2cBXo1_n_d7RUoZGNDYsH7jlU
1000624,laborum libero delectus sequi aliquam,"Non nam cupiditate tempore quibusdam sit in saepe nostrum. Culpa dolor provident laborum excepturi necessitatibus. Soluta neque corrupti asperiores mollitia. Delectus saepe laborum minima. Quasi voluptatum amet nam dolorem molestiae pariatur quo enim. Eos omnis assumenda ex quos perspiciatis consequuntur.
Tenetur eligendi dolore quo ut accusantium. Ipsam sit dolorum aspernatur. Ab commodi dolores minus voluptatum perspiciatis reprehenderit occaecati accusamus. Illo dignissimos consequuntur modi ullam ducimus.
Eum facere iusto in deleniti mollitia voluptas ipsum eius. Alias quae corrupti cumque corrupti voluptas dolore officia quam. Nostrum suscipit blanditiis.
Illum quibusdam quidem tenetur a quasi atque eligendi. Explicabo ipsam nemo vero laudantium aliquam quo. Numquam officiis autem omnis ex quaerat recusandae. Quis sunt dolor occaecati maxime quaerat. Quis nesciunt unde hic.",`|cpgJ.Ax!JUfim,R7&\eF:s9<LhSBC,eyJhbGciOiJIUzI1NiIsInR5cCI6IkpXVCJ9.eyJzdWIiOjEwMDA2MjQsImlhdCI6MTY4MDI0MDAxMCwiZXhwIjoxNjg1NDI0MDEwfQ.LnaigOPJ0kRR8rUM9y_f9R_GACUA_daETes6lD06HF8
1000015,ratione optio repellendus optio dicta,"Beatae quam dolores pariatur modi rerum. Expedita odio amet ipsa optio. Sunt suscipit suscipit. Voluptatem nobis dolor quasi non explicabo corrupti eaque. Aliquam libero modi error fugiat nam quisquam. Quisquam necessitatibus placeat distinctio neque mollitia repellat tempore.
Occaecati aperiam alias laboriosam optio mollitia consectetur incidunt accusantium. Eaque odit occaecati dolorum. Ratione tempora laudantium sapiente officia dolores hic soluta. Sequi nisi fugiat id incidunt velit aliquid. Quos quia odit omnis dolorum sit unde at. Repudiandae officia incidunt facilis non numquam similique ab consequuntur.
Sunt quaerat doloribus aperiam dicta. Hic cumque eligendi magnam blanditiis molestias. Excepturi odit minima doloribus.
Ab reprehenderit provident. Asperiores doloribus officiis vitae deserunt culpa. Vitae aliquam fugiat consectetur. Ipsa sint occaecati at exercitationem aliquid.",Sl-VpJ+s53oi6Y2,"94""SlV0<t""AW_bz",eyJhbGciOiJIUzI1NiIsInR5cCI6IkpXVCJ9.eyJzdWIiOjEwMDAwMTUsImlhdCI6MTY4MDI0MDAxMCwiZXhwIjoxNjg1NDI0MDEwfQ.C8OY4Fad8KjnaaZVOcq7dUIEZ1rvjOgStamH_e-Ay-I
1000766,magnam aut commodi voluptatibus alias,"Voluptas reprehenderit quod cum dolore nam laborum illum voluptas. Error laborum qui aut temporibus harum quibusdam maxime. Ad voluptatibus pariatur asperiores.
Enim soluta eum minima dolorum sapiente recusandae numquam. Quas ullam culpa nesciunt. Ut dolores praesentium rem.
Quis totam animi veniam saepe. Fugit deserunt ea commodi adipisci vitae sit. Quas quas cum. Est animi quis soluta expedita aliquam inventore eligendi distinctio.
Unde temporibus modi modi nam. Illo sapiente eveniet tempora assumenda dolor dolor illo. Incidunt dignissimos amet consectetur. Porro voluptatibus temporibus sit voluptatem recusandae laborum accusamus. Earum non provident. Enim saepe cum quisquam corrupti fugit repudiandae enim.",=.dGv<W+iT`k-tC,2m/-dt:&$(Rph-l,eyJhbGciOiJIUzI1NiIsInR5cCI6IkpXVCJ9.eyJzdWIiOjEwMDA3NjYsImlhdCI6MTY4MDI0MDAxMCwiZXhwIjoxNjg1NDI0MDEwfQ.rpYkptOGw-jQGVvK5kwGmIa1UFfSk2BX_RytFlS5Jss
1000706,molestias eaque molestias numquam fugiat,"Odio ratione quia excepturi hic consequuntur perspiciatis. Odio nobis impedit iure dolorem. Assumenda blanditiis iste deserunt nobis saepe doloremque.
Ipsam fuga doloremque. Voluptate enim eaque nostrum nobis. Facilis minima expedita.
Expedita nobis excepturi optio error. Ex rerum itaque eveniet vel ipsum. Corporis aliquam ipsa voluptatem sint quibusdam natus fugiat unde commodi.
Officiis quia voluptate ullam reprehenderit sunt. Saepe aperiam vitae. Sapiente quas dignissimos architecto blanditiis tenetur architecto voluptates nam magnam. Voluptatum quos veniam dolores voluptatibus tempora at minima.","F@,I)k+\%Z<(ZI-",3R:XorpaQGa)cUS,eyJhbGciOiJIUzI1NiIsInR5cCI6IkpXVCJ9.eyJzdWIiOjEwMDA3MDYsImlhdCI6MTY4MDI0MDAxMCwiZXhwIjoxNjg1NDI0MDEwfQ.q3zB93_UNta-GKODlI004lJSb-Wn8B8mmLWtEhEXpGI
1000514,nihil occaecati optio sed voluptas,"Minus ut beatae unde ratione totam reprehenderit. Ex sint corporis aspernatur in quod quam impedit. Ipsa laudantium delectus quas.
A repudiandae ad explicabo saepe. A non sed voluptas. Nam in earum cumque quasi sapiente cupiditate. Nostrum soluta labore fugiat nulla odio. Itaque consequatur eum modi fugiat. Magnam blanditiis nam error.
Voluptates quaerat eligendi. Quas saepe sunt quae hic commodi similique necessitatibus beatae. Quasi eius provident quia esse consequatur. Quis rerum magni. Mollitia corrupti mollitia architecto.
Facilis illo omnis excepturi. Dicta aliquam tempore facere inventore. Quo minus delectus accusantium assumenda eligendi error vel nesciunt odio. Cupiditate saepe a officiis voluptatem eius. Provident doloribus repellendus accusamus. Nemo quia distinctio necessitatibus magnam ea.",BUfloRzK#hz2C%C,"LD.-PfEw,<i0}oa",eyJhbGciOiJIUzI1NiIsInR5cCI6IkpXVCJ9.eyJzdWIiOjEwMDA1MTQsImlhdCI6MTY4MDI0MDAxMCwiZXhwIjoxNjg1NDI0MDEwfQ.YsqOL1fITT6QFnK8ze_t6Q7SFDYADBQz-E44GA-0EZw
1000281,qui explicabo consequatur culpa dolores,"Expedita provident doloremque. Laudantium quod culpa. Itaque sit deleniti quod explicabo labore iusto non adipisci.
Dolore consequuntur officiis vero harum laudantium impedit odit quisquam. Repellendus ratione perspiciatis architecto adipisci nam impedit dolorum voluptas. Dolores itaque in. Ipsa quae dicta harum pariatur perferendis a. Omnis facilis repellendus laboriosam molestiae quaerat perferendis dolorum reiciendis labore. Veniam expedita ducimus nostrum ullam quam.
Dignissimos accusantium unde quas. Aperiam laborum cum laboriosam nihil atque repudiandae. Ipsa temporibus repudiandae dolores voluptas iste. Fugiat sequi quisquam voluptatem distinctio repellat omnis a perferendis. Voluptatum accusantium explicabo.
Soluta deleniti corporis ducimus rerum possimus. A repellendus voluptas nostrum. Id fugit recusandae minus. Suscipit vitae eaque pariatur dolores soluta esse voluptatum mollitia assumenda. Et pariatur enim officia eligendi atque repellendus error.","Eq%x}hI/""i4O+pM",hP!{)/fg5-`ZNzs,eyJhbGciOiJIUzI1NiIsInR5cCI6IkpXVCJ9.eyJzdWIiOjEwMDAyODEsImlhdCI6MTY4MDI0MDAxMSwiZXhwIjoxNjg1NDI0MDExfQ.GfB3m7aZl6FzvGAtDab4jEFQ123e7VjGOQzvoqRbP40
1000515,autem esse molestias laboriosam praesentium,"Blanditiis nobis saepe. Nobis cupiditate similique numquam aut magnam laboriosam soluta adipisci. Ad accusantium dolorem temporibus et tenetur perspiciatis.
Labore delectus est doloribus voluptates laudantium dolor cumque error. Unde iusto in animi delectus modi nostrum voluptatibus provident. Tempora id hic. Molestias temporibus incidunt neque quod tempora. Voluptas officiis magnam aut doloremque suscipit consequuntur aspernatur.
Nihil aliquid dolorem omnis atque perferendis. Laboriosam ea eaque deserunt nostrum iste voluptas quos placeat. Vel vitae doloribus quod ab debitis sed sed. Repudiandae esse tempore tenetur deleniti cupiditate recusandae. Sit eum ab.
Quaerat rerum eius non officiis omnis eius explicabo numquam vitae. Perspiciatis libero dolore dolorem nam. Porro itaque animi quasi.",Ob)g#=QjtsYK6zy,F*dK]t&E}>%?Ki<,eyJhbGciOiJIUzI1NiIsInR5cCI6IkpXVCJ9.eyJzdWIiOjEwMDA1MTUsImlhdCI6MTY4MDI0MDAxMSwiZXhwIjoxNjg1NDI0MDExfQ.kGxgiWLE_L5mUg5VEiXNoWdvuk6aQSeH6QiAdgZ1rdU
1000516,consequuntur ut error dignissimos omnis,"Alias dolor facere minima iste eveniet doloribus est. Exercitationem maxime suscipit rem repellendus alias. Dolor enim doloremque maxime eius alias repellendus aspernatur rem. Necessitatibus adipisci recusandae consequuntur error eius repellendus amet. Numquam ipsa voluptates debitis ullam praesentium.
Recusandae voluptates blanditiis eveniet unde repudiandae totam quo atque. Nobis nemo dolores neque dolores rem quam. Est sequi totam nihil tenetur.
Distinctio saepe fuga. Dolor ab voluptate rem aperiam minima quis rerum. Natus blanditiis facilis quod et. Molestias eligendi minima quaerat reiciendis molestias architecto facere ab labore. Corrupti tempore quo veritatis voluptatibus quisquam alias ducimus qui pariatur. Omnis consectetur non magni eveniet eaque temporibus qui.
Accusantium laboriosam laboriosam labore aperiam libero. Magnam modi magni tempore tempore. Nulla ullam nobis repudiandae ipsum quam amet. Delectus natus laborum ipsa dolorum. Alias molestias eveniet maiores optio ipsum rem nulla.",GWOh4da<t93gDg\,SckOTU_Wq6fLBSK,eyJhbGciOiJIUzI1NiIsInR5cCI6IkpXVCJ9.eyJzdWIiOjEwMDA1MTYsImlhdCI6MTY4MDI0MDAxMSwiZXhwIjoxNjg1NDI0MDExfQ.6kXsw6CMQsEmOFg5Hd8wvJI0cZ4H_VGcdaAeqNEgstU
1000880,tempore porro aliquid delectus beatae,"Nulla est ad vitae veritatis. Adipisci illum porro nihil quidem facere quaerat cum. Dolores ab non laudantium.
Eos voluptatibus suscipit quis illo eveniet maiores libero. Voluptatibus placeat sapiente illo reprehenderit. Cupiditate id consequatur.
Delectus suscipit eveniet perspiciatis alias. Dolore culpa similique id necessitatibus voluptate a maiores magnam. Cumque quos quod ea praesentium totam aspernatur. Necessitatibus excepturi blanditiis rem dicta tenetur. Voluptatum rem veritatis porro laboriosam nostrum harum fugit. Quasi neque laborum ullam dolores aut.
Occaecati incidunt nisi iusto dolorem ullam architecto consequuntur eum. Debitis nulla labore. Eum pariatur deserunt quisquam possimus suscipit atque ipsum libero. Vero alias delectus odit. Minus optio dicta corrupti ad sit fugiat ut. Aperiam voluptate facilis accusamus.",\'bm=g2ryK<`)8T,"eRe1}A;/X,cg_)r",eyJhbGciOiJIUzI1NiIsInR5cCI6IkpXVCJ9.eyJzdWIiOjEwMDA4ODAsImlhdCI6MTY4MDI0MDAxMSwiZXhwIjoxNjg1NDI0MDExfQ.l4K66kKr2hTCS2BLBdt690q2mdfVrCUcTu4RzaRgxic
1000567,cumque eos quae ut autem,"Officia natus nostrum omnis tenetur pariatur iste. Alias fugiat autem. Maxime harum optio magnam odit illum. Vero maxime neque. Cumque animi nobis.
Maxime sint dicta impedit eos aliquam dicta. Dolores tempore voluptate amet. Architecto officia minima cupiditate a laudantium vel nihil porro.
Eos enim sunt ipsum eos reprehenderit recusandae repudiandae voluptates minima. Id quibusdam tenetur architecto fugit harum cum libero voluptatum. Deserunt eligendi quis commodi quia quo explicabo ducimus mollitia ipsa. Facilis mollitia voluptatum amet a nisi minus quod temporibus cumque. Laboriosam ullam alias officiis quod voluptates. Et odio atque veritatis sapiente dolorum ipsam.
Velit aperiam dignissimos delectus voluptatibus dolores. Accusamus rem atque. Iste aliquam iure delectus ipsum eum at maxime facilis fuga.",tR#%|urWrGv(n5j,"Rc_=2""lR@4-wO`m",eyJhbGciOiJIUzI1NiIsInR5cCI6IkpXVCJ9.eyJzdWIiOjEwMDA1NjcsImlhdCI6MTY4MDI0MDAxMSwiZXhwIjoxNjg1NDI0MDExfQ.bNSCBLxQguJqyecOVUDR3SbGCDMkufHOqKnhKX9fn84
1000081,sed similique illo culpa reiciendis,"Quam animi nostrum ipsum voluptatem placeat aut. Nobis aut ea eius. Nisi alias voluptas.
Facilis eius delectus tempore accusamus soluta nemo. Veniam neque est architecto recusandae molestiae ducimus praesentium dignissimos. Suscipit incidunt tempore qui eius nulla natus laboriosam enim.
Placeat dolore exercitationem adipisci. Quaerat sequi sint nesciunt necessitatibus sunt. Eveniet minima dicta voluptatibus natus ipsam. Occaecati ipsa perspiciatis error non atque illum veritatis ut. Enim adipisci provident deserunt nulla dolorum vero veritatis aspernatur. Quas doloribus similique aspernatur error.
Perspiciatis voluptate asperiores nihil illo. Ratione accusantium qui accusamus necessitatibus eligendi neque laborum quia. Reiciendis voluptatibus eligendi natus minus doloribus dolorum quis soluta harum.",:*TB)MaH!)yfE-*,"""quWWD|)TMdc""p+",eyJhbGciOiJIUzI1NiIsInR5cCI6IkpXVCJ9.eyJzdWIiOjEwMDAwODEsImlhdCI6MTY4MDI0MDAxMSwiZXhwIjoxNjg1NDI0MDExfQ.Nw0qaE8vQ7xp_-ILAl5du54JSEMNpNI0F-4i1PbCf2U
1000127,blanditiis commodi possimus nemo atque,"Qui est minus perspiciatis maiores. Repellat omnis aperiam accusantium eveniet dolores nam rerum laborum doloribus. Est quas beatae sapiente aliquam quod animi quis. Odio rem sunt molestiae dicta.
Quidem veritatis esse iusto. Rerum vitae suscipit expedita assumenda quibusdam ipsum esse. Doloremque saepe minima non perferendis optio omnis laborum voluptate quo.
Odio optio aperiam ratione numquam ipsum odit expedita. Iste totam nulla voluptatibus provident quam quasi. Nulla doloribus saepe debitis. Totam aspernatur maiores. Pariatur dolor adipisci. At porro commodi sapiente fugiat at.
Inventore rerum quaerat assumenda labore culpa quidem quisquam. Voluptatem temporibus perspiciatis velit pariatur consectetur. Consequuntur quam reprehenderit placeat eum magnam ad.",Z^7AhP#%iKK7\gl,R{t';}1)VAqR|D_,eyJhbGciOiJIUzI1NiIsInR5cCI6IkpXVCJ9.eyJzdWIiOjEwMDAxMjcsImlhdCI6MTY4MDI0MDAxMSwiZXhwIjoxNjg1NDI0MDExfQ.h0JNMR8L-P51frXIW7mNj8hC9uKbUg4cbLOqwcOgR1I
1000357,quos amet cupiditate sit velit,"Ab tenetur quis repudiandae. Eligendi autem odio quisquam tenetur assumenda quo. Aut odio impedit quas distinctio eius voluptate rem. Velit facilis repellat.
Accusantium cupiditate fugit. Eveniet possimus ea quae eius ab amet. Ad neque inventore.
Aliquam soluta repudiandae alias ut nam quis exercitationem eius atque. Voluptatibus animi vitae tempore eum. Incidunt suscipit quam atque delectus. Vitae ad optio accusamus. Aperiam rerum cumque totam quam officiis nobis.
Aspernatur consequuntur consectetur consequatur dolorum inventore excepturi. Eius iure aspernatur asperiores consequatur facilis minima. Nisi laboriosam nesciunt numquam cupiditate.",FvMv[OFR[_9'8$y,al0lm:s+#e=dyIJ,eyJhbGciOiJIUzI1NiIsInR5cCI6IkpXVCJ9.eyJzdWIiOjEwMDAzNTcsImlhdCI6MTY4MDI0MDAxMSwiZXhwIjoxNjg1NDI0MDExfQ.Dvg_iVJqVwRiGH97bj05tsrqnKGBIrhE6LSi83TXA-U
1000011,hic nisi excepturi pariatur non,"Ipsum voluptate voluptatibus voluptates. Aliquam dolorum quidem quisquam illo dolores. Saepe ipsum voluptate vel tenetur repudiandae cupiditate iure dolorum inventore. Dolore aliquid at rerum ut dolores ipsam.
Hic vero nihil doloribus. Aperiam beatae eos necessitatibus fuga voluptates unde nemo aperiam. Odit illum voluptates eligendi voluptas aut culpa error. Doloribus suscipit neque.
Aspernatur voluptatum veniam libero aperiam a sint a debitis laborum. Incidunt atque harum tempora omnis ab facilis odit. Ipsam a occaecati. Dicta consequuntur eos illo suscipit quis est. Dolorum reprehenderit esse. Quibusdam saepe culpa molestias explicabo repellat veritatis sequi.
Delectus eveniet sed in quia quia amet laboriosam adipisci. Excepturi a mollitia ea rerum occaecati possimus temporibus id. A sint nostrum non repudiandae. Ratione illum rerum aliquam.","G[-+}^kD3,,foJ{",)-/V9J8MejLsB>_,eyJhbGciOiJIUzI1NiIsInR5cCI6IkpXVCJ9.eyJzdWIiOjEwMDAwMTEsImlhdCI6MTY4MDI0MDAxMiwiZXhwIjoxNjg1NDI0MDEyfQ.W2zKaIjRiNILgWI_DeiazYm-o6467tGZsPlpF1v2uuk
1000478,magni commodi deleniti hic tempore,"Amet saepe non blanditiis dolor magni quas. Dolor totam laudantium. Repellendus asperiores quia veritatis voluptas molestiae voluptates et. Officiis totam ullam cumque. Nihil suscipit voluptatibus eaque corrupti officiis repudiandae a.
Recusandae soluta explicabo blanditiis laboriosam optio accusamus et expedita consequatur. Amet accusantium hic officiis. Inventore cum nulla exercitationem accusantium officia.
Facere qui doloremque. Vero inventore facilis veniam. Qui quidem provident itaque. Ea doloribus cupiditate provident similique iure. Eius nisi quas laborum cum necessitatibus amet deserunt laborum ducimus. Iusto aspernatur dolor totam.
Nisi veritatis iusto rerum dignissimos nam blanditiis aliquid qui aliquid. Voluptatibus autem id nostrum nulla necessitatibus numquam voluptate. Aliquid aliquid quis molestias perspiciatis praesentium doloribus deserunt doloremque. Neque voluptatem harum officia. Rem similique cumque nemo sunt esse inventore eveniet tempore veritatis. Odio voluptatum quidem laboriosam voluptatum.","No$Fz'""t`.g9G?%",BGtP*hQg+<q/{;5,eyJhbGciOiJIUzI1NiIsInR5cCI6IkpXVCJ9.eyJzdWIiOjEwMDA0NzgsImlhdCI6MTY4MDI0MDAxMiwiZXhwIjoxNjg1NDI0MDEyfQ.8Lam7SJvxZPnIixYQ_ofFiod8o8Uo7tjDbSpwRceBts
1000529,quibusdam nemo voluptas consequatur natus,"Excepturi numquam assumenda voluptate sunt voluptatem pariatur quas facere. Minima minus enim aut dolores. Natus neque quisquam temporibus laborum. Exercitationem adipisci ullam soluta ea illum ipsum ullam. Perferendis quis perspiciatis officiis facere dicta omnis atque corporis. Ipsum similique modi nisi quia soluta enim culpa.
Laboriosam autem dolorum fugiat quam distinctio sunt. Dignissimos iure consequuntur est nesciunt. Amet odit veritatis non quod quae. Qui sit maxime ea excepturi repellat molestiae recusandae eius temporibus. Ipsum hic quae molestias magni repudiandae veniam impedit tenetur provident.
Consequuntur praesentium dicta ex reiciendis esse eos. Doloremque voluptate laudantium officia repellendus amet ut mollitia culpa vel. Porro ab necessitatibus quos ducimus accusamus tempora nihil.
Iste veniam labore ipsam cum sit placeat facilis. Consequuntur nobis ducimus commodi. Non saepe officiis quod provident sit iusto ut. Soluta cupiditate odio voluptatum eum corporis sit nemo. Odit odio blanditiis dolorum voluptatem.","^w$n3%&UmhN2{,{",@9.o'.#VP:cPeHZ,eyJhbGciOiJIUzI1NiIsInR5cCI6IkpXVCJ9.eyJzdWIiOjEwMDA1MjksImlhdCI6MTY4MDI0MDAxMiwiZXhwIjoxNjg1NDI0MDEyfQ.RfZuAELBQWVLCQ-wqMEtxdC2hKcimaPNIdqRCsYGMn8
1000565,praesentium distinctio id repellendus neque,"Accusantium sint consequuntur repudiandae temporibus. Voluptates ratione qui. Provident odio consequatur corrupti repudiandae maxime impedit hic quis.
Praesentium alias ad eveniet. Dolores exercitationem eveniet deleniti corporis harum. Accusamus hic ratione ducimus. Commodi ad autem reiciendis ex. Mollitia dicta adipisci hic culpa delectus sint tempora hic.
Voluptas voluptas provident. Iusto dolorum voluptatem at autem ducimus nulla facilis praesentium non. Esse minus beatae voluptates non reiciendis sed cupiditate. Fugit eligendi tenetur ipsam ipsa delectus distinctio quia. Sint consequatur nulla aliquid eligendi culpa aperiam quos.
Dignissimos nostrum esse in libero in illo error. Consectetur repudiandae unde temporibus. Eveniet provident voluptates ad vero tempora. Odit animi necessitatibus amet cum impedit ullam nobis. Recusandae recusandae at officiis quaerat fugit placeat. Provident omnis amet eveniet earum.",NQx*Rq3`lxIHPRC,/'lC}x\lPO?hK|E,eyJhbGciOiJIUzI1NiIsInR5cCI6IkpXVCJ9.eyJzdWIiOjEwMDA1NjUsImlhdCI6MTY4MDI0MDAxMiwiZXhwIjoxNjg1NDI0MDEyfQ.Ig0at60U_u7v6xHebV8GOi2isU9y7cvpBl1UaHuqUCU
1000139,tempore ipsa quam rem et,"Deleniti harum quod non nemo rem minus earum. Repellat dolorem excepturi ipsam iure eligendi unde ut nulla architecto. Aut fugit perspiciatis eaque fugit rerum perspiciatis quod. Deserunt ex aut dolorem.
Animi fuga laudantium error sapiente nobis dolores beatae inventore quia. Voluptates ducimus commodi ut odit laudantium doloribus esse error officiis. Amet vero atque saepe sed ipsum minus. Aliquid et adipisci consequuntur architecto. Vitae officiis provident quod soluta.
Dolor dicta ducimus nihil doloremque vel aliquam quas aut. Deleniti corrupti molestiae dolor soluta harum delectus error. Accusamus velit est aliquid dicta dolorum id aliquid. Quod inventore assumenda nulla exercitationem.
Tempore iste expedita. Vero dignissimos similique cumque tenetur. Eius dolores in mollitia quae doloremque rem exercitationem quam.",#EK+Kc@gpdpAqP(,Y0)T_5AeGY$Raff,eyJhbGciOiJIUzI1NiIsInR5cCI6IkpXVCJ9.eyJzdWIiOjEwMDAxMzksImlhdCI6MTY4MDI0MDAxMiwiZXhwIjoxNjg1NDI0MDEyfQ.IJnRJlLjPYIN1b9npJ28h9XKEomwdxe1X3Xu6fxvK3I
1000367,tenetur officia ab sunt facere,"Quia eligendi eius labore tempora. Quas et aliquam nemo blanditiis ab quam. Nostrum culpa labore ex suscipit qui consequuntur voluptate. Laboriosam iste aperiam optio provident sint.
Nobis perspiciatis suscipit quas neque soluta. Nam saepe id sunt modi itaque ducimus sit. Ipsam temporibus esse eaque commodi. Esse aliquid repellat architecto iste ratione libero ducimus iure. Omnis possimus exercitationem iure sapiente pariatur hic sint numquam.
Quae officia nemo provident fugit nulla expedita cumque officia culpa. Eligendi assumenda laudantium possimus fugiat. Doloribus rem et repellendus aspernatur illum modi. Repellat reprehenderit nihil nisi voluptatibus qui natus dolores aut.
Suscipit corrupti nesciunt. Quam facilis a molestias eius facere magnam sit voluptatum. Omnis dicta quod molestias assumenda voluptates pariatur. Repellendus repellendus a nisi iste perspiciatis quia. Velit architecto cumque labore incidunt. Cupiditate in ipsam vitae omnis eius explicabo ex accusantium magni.","[o""+P/YF^6'nIGx",?O4wgbO4y;L6WCg,eyJhbGciOiJIUzI1NiIsInR5cCI6IkpXVCJ9.eyJzdWIiOjEwMDAzNjcsImlhdCI6MTY4MDI0MDAxMiwiZXhwIjoxNjg1NDI0MDEyfQ.nWea-hxQbNrMD7_soejpwt1bP1C3NeoYBHerQhQ4rlI
1000599,error ipsam dolore doloribus vitae,"Ipsum voluptatum veniam odio incidunt incidunt aperiam atque porro. Atque quos consequatur. Commodi voluptatem optio numquam voluptatibus reiciendis nostrum eos qui. Esse sit enim voluptate vero illo. Nihil maxime quae accusamus expedita asperiores vel magnam expedita. Qui quidem impedit modi suscipit eum dicta iure.
Sunt perspiciatis ut neque accusantium ipsam cumque. Suscipit molestiae nemo modi nobis. Illum deserunt ratione nisi sit. Porro eius soluta.
Nemo quaerat ut facilis autem debitis quod natus aspernatur eius. Nostrum facere eum ipsam saepe commodi incidunt. Optio assumenda beatae temporibus sed tempore voluptatem. Quam odit eum quis ipsam occaecati aut. Facilis dolore debitis.
Vero architecto mollitia delectus eveniet officiis quae dolorum. Suscipit animi doloribus tempora. Aut cumque repellendus perspiciatis rerum provident neque. Facere dolorum autem fugiat facilis commodi vel quas inventore expedita.",p?hQ{(Th`)`([MZ,\]>]P>wXy#B{g9R,eyJhbGciOiJIUzI1NiIsInR5cCI6IkpXVCJ9.eyJzdWIiOjEwMDA1OTksImlhdCI6MTY4MDI0MDAxMiwiZXhwIjoxNjg1NDI0MDEyfQ.zf8y2HVWo8MYSCCweLZFsWFquKzwtvDPh8Q5haYXuz4
1000717,ratione quisquam est magni tempore,"Molestiae minus doloremque similique consectetur quam beatae dolor. Nam explicabo ipsa eligendi nulla officia esse magnam quasi. Nam repudiandae ex nisi ad voluptatum neque quaerat iure quos. Quasi enim sed consequuntur. Fugit earum iste esse eaque dolores corrupti nemo repudiandae.
Tempora maiores placeat totam eum nostrum amet vitae. Dicta in temporibus repudiandae odit doloribus nam. Natus accusantium temporibus explicabo similique velit consequuntur dolores similique id. Dolore adipisci labore qui ullam nam accusantium. Incidunt in atque quidem aliquam totam architecto soluta.
Necessitatibus quae dolorum facilis minima quibusdam non minima quia. Consectetur assumenda modi tenetur optio nam perferendis quae laborum. Iste nostrum officia nam.
Illum distinctio perferendis a accusamus suscipit aperiam illo nulla et. Repudiandae quis quos voluptate reiciendis commodi vitae. Nam maxime consectetur odio ullam excepturi. Officia dolorum illo nostrum quisquam adipisci temporibus.",@<l=[XWzQ}1lwN1,"a#,9IaA<O%:PS]L",eyJhbGciOiJIUzI1NiIsInR5cCI6IkpXVCJ9.eyJzdWIiOjEwMDA3MTcsImlhdCI6MTY4MDI0MDAxMiwiZXhwIjoxNjg1NDI0MDEyfQ.WwvOCnowWhOrSkO7bJB2Trq3bRGWLUQZBmy0vW7S8z4
1000625,laboriosam consectetur beatae cumque magnam,"Accusantium quis in. Neque accusantium perspiciatis tempore porro. Aperiam id repellat ad unde. Dolores unde nostrum officia ea amet.
Blanditiis exercitationem sed. Exercitationem distinctio iusto exercitationem. Qui reprehenderit fugiat iusto minus. Tempora blanditiis voluptate provident temporibus pariatur. Est vero assumenda. Optio ex adipisci.
Atque inventore inventore enim hic fuga atque earum modi. Ex voluptatum assumenda dolor. Ut exercitationem sed id nobis. Nisi dolorem dignissimos accusamus laborum voluptas.
Quia eaque deleniti dignissimos laudantium debitis perspiciatis. Adipisci voluptate accusantium. Delectus ullam dolor rem cumque dolor optio fugiat quos. Quasi asperiores cumque ad cum pariatur natus repudiandae amet. Quae delectus cupiditate delectus saepe.",\UZezHkkUY:}]4q,"<}f#zvbiBkvr+,b",eyJhbGciOiJIUzI1NiIsInR5cCI6IkpXVCJ9.eyJzdWIiOjEwMDA2MjUsImlhdCI6MTY4MDI0MDAxMiwiZXhwIjoxNjg1NDI0MDEyfQ.pliDiECvxXUfbXAo_bW96Btre5hTiadYj3-Xwpu_Y1A
1000605,inventore quod accusantium possimus alias,"Odit quam voluptatem beatae. Libero eos doloremque consequuntur architecto. Adipisci deserunt sequi. Nam animi voluptatibus similique autem cumque tempora repudiandae at.
Dolore laudantium at eum deserunt similique. Voluptatum recusandae aspernatur assumenda. Consectetur numquam laborum accusamus. Eligendi totam repudiandae sit.
Nulla maxime voluptatem magni deserunt vero perspiciatis accusantium qui. Molestiae iusto eveniet distinctio error ratione. Fugiat culpa totam. Soluta ipsam dolor atque inventore ipsam.
Atque similique rem tempora dolores reiciendis labore voluptate. Adipisci eos quae culpa pariatur adipisci commodi. Facilis quam maxime tempora quae itaque. Eum quisquam laudantium repellat at ipsum veritatis suscipit dolore. Quo adipisci natus provident facere porro tenetur quasi voluptas. Ex culpa quaerat.","}C{Vii^)p""I<Ll0",".Dk%Ay@'KWK^,oj",eyJhbGciOiJIUzI1NiIsInR5cCI6IkpXVCJ9.eyJzdWIiOjEwMDA2MDUsImlhdCI6MTY4MDI0MDAxMywiZXhwIjoxNjg1NDI0MDEzfQ.0bn1VrR5D6Pc6KwF-iWr6SkbnJWJw4GZvdLclDiGBOI
